{"nm":"newScene","ddd":0,"h":400,"w":550,"meta":{"g":"@lottiefiles/toolkit-js 0.26.1"},"layers":[{"ty":4,"nm":"1","sr":1,"st":0,"op":145,"ip":0,"hd":false,"ddd":1,"bm":0,"hasMask":false,"ao":0,"ks":{"a":{"a":0,"k":[275,200,0]},"s":{"a":0,"k":[100,100,100]},"sk":{"a":0,"k":0},"p":{"s":true,"x":{"a":0,"k":275},"y":{"a":0,"k":200},"z":{"a":0,"k":0}},"sa":{"a":0,"k":0},"o":{"a":1,"k":[{"o":{"x":0.455,"y":0.03},"i":{"x":0.515,"y":0.955},"s":[100],"t":0},{"o":{"x":0.455,"y":0.03},"i":{"x":0.515,"y":0.955},"s":[60],"t":14},{"o":{"x":0.455,"y":0.03},"i":{"x":0.515,"y":0.955},"s":[100],"t":30},{"o":{"x":0.455,"y":0.03},"i":{"x":0.515,"y":0.955},"s":[0],"t":87},{"o":{"x":0.455,"y":0.03},"i":{"x":0.515,"y":0.955},"s":[50],"t":126},{"s":[100],"t":145}]},"rx":{"a":0,"k":0},"ry":{"a":0,"k":0},"rz":{"a":0,"k":0},"or":{"a":0,"k":[0,0,0]}},"ef":[],"shapes":[{"ty":"gr","bm":0,"hd":false,"nm":"1 shape group","it":[{"ty":"sh","bm":0,"hd":false,"nm":"","d":1,"ks":{"a":0,"k":{"c":true,"i":[[0.44299999999998363,23.939999999999998],[-14.332999999999998,0.26499999999998636],[-0.44299999999998363,-23.939999999999998],[0,0]],"o":[[-0.44300000000001205,-23.939999999999998],[14.33299999999997,-0.26499999999998636],[0.44299999999998363,23.939999999999998],[0,0]],"v":[[240.966,253.599],[265.202,214.904],[291,251],[265,302]]}}},{"ty":"st","bm":0,"hd":false,"nm":"","lc":3,"lj":1,"ml":1,"o":{"a":0,"k":0},"w":{"a":0,"k":0},"c":{"a":0,"k":[0,0,0,0]}},{"ty":"fl","bm":0,"hd":false,"nm":"","c":{"a":0,"k":[0.9804,0.9843,0.9882]},"r":1,"o":{"a":0,"k":100}},{"ty":"tr","a":{"a":0,"k":[0,0]},"s":{"a":0,"k":[100,100]},"sk":{"a":0,"k":0},"p":{"a":0,"k":[0,0]},"r":{"a":0,"k":0},"sa":{"a":0,"k":0},"o":{"a":0,"k":100}}]},{"ty":"gr","bm":0,"hd":false,"nm":"1 shape group","it":[{"ty":"sh","bm":0,"hd":false,"nm":"","d":1,"ks":{"a":0,"k":{"c":true,"i":[[0.492999999999995,26.68300000000002],[-17.72,0.3269999999999982],[-0.4940000000000282,-26.682999999999993],[0,0]],"o":[[-0.4939999999999998,-26.682999999999993],[17.720000000000027,-0.3269999999999982],[0.4940000000000282,26.68300000000002],[0,0]],"v":[[231.317,248.689],[262.634,206.605],[295.487,247.50199999999998],[264.473,305.979]]}}},{"ty":"st","bm":0,"hd":false,"nm":"","lc":3,"lj":1,"ml":1,"o":{"a":0,"k":0},"w":{"a":0,"k":0},"c":{"a":0,"k":[0,0,0,0]}},{"ty":"fl","bm":0,"hd":false,"nm":"","c":{"a":0,"k":[0.8745,0.9098,0.9216]},"r":1,"o":{"a":0,"k":100}},{"ty":"tr","a":{"a":0,"k":[0,0]},"s":{"a":0,"k":[100,100]},"sk":{"a":0,"k":0},"p":{"a":0,"k":[0,0]},"r":{"a":0,"k":0},"sa":{"a":0,"k":0},"o":{"a":0,"k":100}}]}],"ind":1},{"ty":4,"nm":"2","sr":1,"st":0,"op":145,"ip":0,"hd":false,"ddd":1,"bm":0,"hasMask":false,"ao":0,"ks":{"a":{"a":0,"k":[200,200,0]},"s":{"a":0,"k":[100,100,100]},"sk":{"a":0,"k":0},"p":{"s":true,"x":{"a":0,"k":262.5},"y":{"a":0,"k":200},"z":{"a":0,"k":0}},"sa":{"a":0,"k":0},"o":{"a":1,"k":[{"o":{"x":0,"y":0},"i":{"x":1,"y":1},"s":[0],"t":0},{"o":{"x":0.455,"y":0.03},"i":{"x":0.515,"y":0.955},"s":[0],"t":7},{"o":{"x":0.455,"y":0.03},"i":{"x":0.515,"y":0.955},"s":[100],"t":38},{"s":[0],"t":135}]},"rx":{"a":0,"k":0},"ry":{"a":0,"k":0},"rz":{"a":0,"k":0},"or":{"a":0,"k":[0,0,0]}},"ef":[],"shapes":[{"ty":"gr","bm":0,"hd":false,"nm":"2 shape group","it":[{"ty":"sh","bm":0,"hd":false,"nm":"","d":1,"ks":{"a":0,"k":{"c":true,"i":[[-9.988,21.761000000000024],[-13.028999999999996,-5.97999999999999],[9.988,-21.761000000000024],[0,0]],"o":[[9.988,-21.760999999999996],[13.027999999999992,5.97999999999999],[-9.988,21.761000000000024],[0,0]],"v":[[151.777,237.767],[190.402,213.41899999999998],[199.00099999999998,257],[153.00099999999998,290]]}}},{"ty":"st","bm":0,"hd":false,"nm":"","lc":3,"lj":1,"ml":1,"o":{"a":0,"k":0},"w":{"a":0,"k":0},"c":{"a":0,"k":[0,0,0,0]}},{"ty":"fl","bm":0,"hd":false,"nm":"","c":{"a":0,"k":[0.9804,0.9843,0.9882]},"r":1,"o":{"a":0,"k":100}},{"ty":"tr","a":{"a":0,"k":[0,0]},"s":{"a":0,"k":[100,100]},"sk":{"a":0,"k":0},"p":{"a":0,"k":[0,0]},"r":{"a":0,"k":0},"sa":{"a":0,"k":0},"o":{"a":0,"k":100}}]},{"ty":"gr","bm":0,"hd":false,"nm":"2 shape group","it":[{"ty":"sh","bm":0,"hd":false,"nm":"","d":1,"ks":{"a":0,"k":{"c":true,"i":[[-11.132999999999981,24.254999999999995],[-16.108000000000004,-7.393000000000001],[11.132000000000005,-24.254999999999995],[0,0]],"o":[[11.13300000000001,-24.254999999999995],[16.108000000000004,7.393000000000001],[-11.13300000000001,24.255000000000024],[0,0]],"v":[[145.213,229.155],[191.689,204.826],[203.54399999999998,255.927],[150.22899999999998,295.156]]}}},{"ty":"st","bm":0,"hd":false,"nm":"","lc":3,"lj":1,"ml":1,"o":{"a":0,"k":0},"w":{"a":0,"k":0},"c":{"a":0,"k":[0,0,0,0]}},{"ty":"fl","bm":0,"hd":false,"nm":"","c":{"a":0,"k":[0.8745,0.9098,0.9216]},"r":1,"o":{"a":0,"k":100}},{"ty":"tr","a":{"a":0,"k":[0,0]},"s":{"a":0,"k":[100,100]},"sk":{"a":0,"k":0},"p":{"a":0,"k":[0,0]},"r":{"a":0,"k":0},"sa":{"a":0,"k":0},"o":{"a":0,"k":100}}]}],"ind":2},{"ty":4,"nm":"3","sr":1,"st":0,"op":145,"ip":0,"hd":false,"ddd":1,"bm":0,"hasMask":false,"ao":0,"ks":{"a":{"a":0,"k":[200,200,0]},"s":{"a":0,"k":[100,100,100]},"sk":{"a":0,"k":0},"p":{"s":true,"x":{"a":0,"k":262},"y":{"a":0,"k":200},"z":{"a":0,"k":0}},"sa":{"a":0,"k":0},"o":{"a":1,"k":[{"o":{"x":0,"y":0},"i":{"x":1,"y":1},"s":[0],"t":0},{"o":{"x":0.455,"y":0.03},"i":{"x":0.515,"y":0.955},"s":[0],"t":12},{"o":{"x":0.455,"y":0.03},"i":{"x":0.515,"y":0.955},"s":[100],"t":41},{"s":[0],"t":135}]},"rx":{"a":0,"k":0},"ry":{"a":0,"k":0},"rz":{"a":0,"k":0},"or":{"a":0,"k":[0,0,0]}},"ef":[],"shapes":[{"ty":"gr","bm":0,"hd":false,"nm":"3 shape group","it":[{"ty":"sh","bm":0,"hd":false,"nm":"","d":1,"ks":{"a":0,"k":{"c":true,"i":[[-18.439999999999998,15.272999999999996],[-9.144000000000005,-11.040999999999997],[18.439999999999998,-15.272999999999996],[0,0]],"o":[[18.441000000000003,-15.272999999999996],[9.144000000000005,11.039999999999992],[-18.439999999999998,15.273000000000025],[0,0]],"v":[[134.149,211.705],[179.513,206.52700000000002],[168,250],[111,261]]}}},{"ty":"st","bm":0,"hd":false,"nm":"","lc":3,"lj":1,"ml":1,"o":{"a":0,"k":0},"w":{"a":0,"k":0},"c":{"a":0,"k":[0,0,0,0]}},{"ty":"fl","bm":0,"hd":false,"nm":"","c":{"a":0,"k":[0.9804,0.9843,0.9882]},"r":1,"o":{"a":0,"k":100}},{"ty":"tr","a":{"a":0,"k":[0,0]},"s":{"a":0,"k":[100,100]},"sk":{"a":0,"k":0},"p":{"a":0,"k":[0,0]},"r":{"a":0,"k":0},"sa":{"a":0,"k":0},"o":{"a":0,"k":100}}]},{"ty":"gr","bm":0,"hd":false,"nm":"3 shape group","it":[{"ty":"sh","bm":0,"hd":false,"nm":"","d":1,"ks":{"a":0,"k":{"c":true,"i":[[-20.554000000000002,17.023000000000025],[-11.305000000000007,-13.650000000000006],[20.552999999999997,-17.022999999999996],[0,0]],"o":[[20.554000000000002,-17.022999999999996],[11.305000000000007,13.650000000000006],[-20.552999999999997,17.023000000000025],[0,0]],"v":[[131.972,201.099],[184.401,199.345],[172.91000000000003,250.529],[107.85400000000003,262.741]]}}},{"ty":"st","bm":0,"hd":false,"nm":"","lc":3,"lj":1,"ml":1,"o":{"a":0,"k":0},"w":{"a":0,"k":0},"c":{"a":0,"k":[0,0,0,0]}},{"ty":"fl","bm":0,"hd":false,"nm":"","c":{"a":0,"k":[0.8745,0.9098,0.9216]},"r":1,"o":{"a":0,"k":100}},{"ty":"tr","a":{"a":0,"k":[0,0]},"s":{"a":0,"k":[100,100]},"sk":{"a":0,"k":0},"p":{"a":0,"k":[0,0]},"r":{"a":0,"k":0},"sa":{"a":0,"k":0},"o":{"a":0,"k":100}}]}],"ind":3},{"ty":4,"nm":"4","sr":1,"st":0,"op":145,"ip":0,"hd":false,"ddd":1,"bm":0,"hasMask":false,"ao":0,"ks":{"a":{"a":0,"k":[200,200,0]},"s":{"a":0,"k":[100,100,100]},"sk":{"a":0,"k":0},"p":{"s":true,"x":{"a":0,"k":262},"y":{"a":0,"k":200},"z":{"a":0,"k":0}},"sa":{"a":0,"k":0},"o":{"a":1,"k":[{"o":{"x":0,"y":0},"i":{"x":1,"y":1},"s":[0],"t":0},{"o":{"x":0.455,"y":0.03},"i":{"x":0.515,"y":0.955},"s":[0],"t":20},{"o":{"x":0.455,"y":0.03},"i":{"x":0.515,"y":0.955},"s":[100],"t":48},{"s":[0],"t":135}]},"rx":{"a":0,"k":0},"ry":{"a":0,"k":0},"rz":{"a":0,"k":0},"or":{"a":0,"k":[0,0,0]}},"ef":[],"shapes":[{"ty":"gr","bm":0,"hd":false,"nm":"4 shape group","it":[{"ty":"sh","bm":0,"hd":false,"nm":"","d":1,"ks":{"a":0,"k":{"c":true,"i":[[-23.241,5.7590000000000146],[-3.4480000000000075,-13.913999999999987],[23.240999999999985,-5.7590000000000146],[0,0]],"o":[[23.241000000000014,-5.7590000000000146],[3.4480000000000075,13.913999999999987],[-23.240999999999985,5.7590000000000146],[0,0]],"v":[[129.576,180.577],[172.694,195.594],[145,229],[88,214]]}}},{"ty":"st","bm":0,"hd":false,"nm":"","lc":3,"lj":1,"ml":1,"o":{"a":0,"k":0},"w":{"a":0,"k":0},"c":{"a":0,"k":[0,0,0,0]}},{"ty":"fl","bm":0,"hd":false,"nm":"","c":{"a":0,"k":[0.9804,0.9843,0.9882]},"r":1,"o":{"a":0,"k":100}},{"ty":"tr","a":{"a":0,"k":[0,0]},"s":{"a":0,"k":[100,100]},"sk":{"a":0,"k":0},"p":{"a":0,"k":[0,0]},"r":{"a":0,"k":0},"sa":{"a":0,"k":0},"o":{"a":0,"k":100}}]},{"ty":"gr","bm":0,"hd":false,"nm":"4 shape group","it":[{"ty":"sh","bm":0,"hd":false,"nm":"","d":1,"ks":{"a":0,"k":{"c":true,"i":[[-25.90400000000001,6.419000000000011],[-4.262999999999977,-17.201999999999998],[25.903999999999996,-6.418999999999983],[0,0]],"o":[[25.903999999999996,-6.419000000000011],[4.263000000000005,17.203000000000003],[-25.903999999999996,6.419000000000011],[0,0]],"v":[[132.216,170.076],[180.214,191.243],[147.653,232.37199999999999],[83.74099999999999,215.148]]}}},{"ty":"st","bm":0,"hd":false,"nm":"","lc":3,"lj":1,"ml":1,"o":{"a":0,"k":0},"w":{"a":0,"k":0},"c":{"a":0,"k":[0,0,0,0]}},{"ty":"fl","bm":0,"hd":false,"nm":"","c":{"a":0,"k":[0.8745,0.9098,0.9216]},"r":1,"o":{"a":0,"k":100}},{"ty":"tr","a":{"a":0,"k":[0,0]},"s":{"a":0,"k":[100,100]},"sk":{"a":0,"k":0},"p":{"a":0,"k":[0,0]},"r":{"a":0,"k":0},"sa":{"a":0,"k":0},"o":{"a":0,"k":100}}]}],"ind":4},{"ty":4,"nm":"5","sr":1,"st":0,"op":145,"ip":0,"hd":false,"ddd":1,"bm":0,"hasMask":false,"ao":0,"ks":{"a":{"a":0,"k":[200,200,0]},"s":{"a":0,"k":[100,100,100]},"sk":{"a":0,"k":0},"p":{"s":true,"x":{"a":0,"k":262},"y":{"a":0,"k":200},"z":{"a":0,"k":0}},"sa":{"a":0,"k":0},"o":{"a":1,"k":[{"o":{"x":0,"y":0},"i":{"x":1,"y":1},"s":[0],"t":0},{"o":{"x":0.455,"y":0.03},"i":{"x":0.515,"y":0.955},"s":[0],"t":28},{"o":{"x":0.455,"y":0.03},"i":{"x":0.515,"y":0.955},"s":[100],"t":53},{"s":[0],"t":135}]},"rx":{"a":0,"k":0},"ry":{"a":0,"k":0},"rz":{"a":0,"k":0},"or":{"a":0,"k":[0,0,0]}},"ef":[],"shapes":[{"ty":"gr","bm":0,"hd":false,"nm":"5 shape group","it":[{"ty":"sh","bm":0,"hd":false,"nm":"","d":1,"ks":{"a":0,"k":{"c":true,"i":[[-23.437999999999988,-4.894999999999982],[2.9310000000000116,-14.033000000000015],[23.437999999999988,4.89500000000001],[0,0]],"o":[[23.437999999999988,4.89500000000001],[-2.930999999999983,14.03200000000001],[-23.437999999999988,-4.89500000000001],[0,0]],"v":[[138.962,150.546],[171.29399999999998,182.785],[131,201],[86,162]]}}},{"ty":"st","bm":0,"hd":false,"nm":"","lc":3,"lj":1,"ml":1,"o":{"a":0,"k":0},"w":{"a":0,"k":0},"c":{"a":0,"k":[0,0,0,0]}},{"ty":"fl","bm":0,"hd":false,"nm":"","c":{"a":0,"k":[0.9804,0.9843,0.9882]},"r":1,"o":{"a":0,"k":100}},{"ty":"tr","a":{"a":0,"k":[0,0]},"s":{"a":0,"k":[100,100]},"sk":{"a":0,"k":0},"p":{"a":0,"k":[0,0]},"r":{"a":0,"k":0},"sa":{"a":0,"k":0},"o":{"a":0,"k":100}}]},{"ty":"gr","bm":0,"hd":false,"nm":"5 shape group","it":[{"ty":"sh","bm":0,"hd":false,"nm":"","d":1,"ks":{"a":0,"k":{"c":true,"i":[[-26.123999999999995,-5.455999999999989],[3.6229999999999905,-17.34899999999999],[26.123999999999995,5.456999999999994],[0,0]],"o":[[26.123999999999995,5.455999999999989],[-3.6229999999999905,17.34899999999999],[-26.123999999999995,-5.456999999999994],[0,0]],"v":[[145.897,142.231],[179.958,182.128],[132.776,205.05599999999998],[82.66600000000001,161.807]]}}},{"ty":"st","bm":0,"hd":false,"nm":"","lc":3,"lj":1,"ml":1,"o":{"a":0,"k":0},"w":{"a":0,"k":0},"c":{"a":0,"k":[0,0,0,0]}},{"ty":"fl","bm":0,"hd":false,"nm":"","c":{"a":0,"k":[0.8745,0.9098,0.9216]},"r":1,"o":{"a":0,"k":100}},{"ty":"tr","a":{"a":0,"k":[0,0]},"s":{"a":0,"k":[100,100]},"sk":{"a":0,"k":0},"p":{"a":0,"k":[0,0]},"r":{"a":0,"k":0},"sa":{"a":0,"k":0},"o":{"a":0,"k":100}}]}],"ind":5},{"ty":4,"nm":"6","sr":1,"st":0,"op":145,"ip":0,"hd":false,"ddd":1,"bm":0,"hasMask":false,"ao":0,"ks":{"a":{"a":0,"k":[200,200,0]},"s":{"a":0,"k":[100,100,100]},"sk":{"a":0,"k":0},"p":{"s":true,"x":{"a":0,"k":280.5},"y":{"a":0,"k":199},"z":{"a":0,"k":0}},"sa":{"a":0,"k":0},"o":{"a":1,"k":[{"o":{"x":0,"y":0},"i":{"x":1,"y":1},"s":[0],"t":0},{"o":{"x":0.455,"y":0.03},"i":{"x":0.515,"y":0.955},"s":[0],"t":35},{"o":{"x":0.455,"y":0.03},"i":{"x":0.515,"y":0.955},"s":[100],"t":61},{"s":[0],"t":135}]},"rx":{"a":0,"k":0},"ry":{"a":0,"k":0},"rz":{"a":0,"k":0},"or":{"a":0,"k":[0,0,0]}},"ef":[],"shapes":[{"ty":"gr","bm":0,"hd":false,"nm":"6 shape group","it":[{"ty":"sh","bm":0,"hd":false,"nm":"","d":1,"ks":{"a":0,"k":{"c":true,"i":[[-18.992999999999995,-14.579999999999998],[8.729000000000013,-11.37100000000001],[18.99300000000001,14.579999999999984],[0,0]],"o":[[18.992999999999995,14.579999999999998],[-8.729000000000013,11.37100000000001],[-18.992999999999995,-14.580000000000013],[0,0]],"v":[[151.448,127.562],[164,171],[120.307,169.786],[97.501,115.92500000000001]]}}},{"ty":"st","bm":0,"hd":false,"nm":"","lc":3,"lj":1,"ml":1,"o":{"a":0,"k":0},"w":{"a":0,"k":0},"c":{"a":0,"k":[0,0,0,0]}},{"ty":"fl","bm":0,"hd":false,"nm":"","c":{"a":0,"k":[0.9804,0.9843,0.9882]},"r":1,"o":{"a":0,"k":100}},{"ty":"tr","a":{"a":0,"k":[0,0]},"s":{"a":0,"k":[100,100]},"sk":{"a":0,"k":0},"p":{"a":0,"k":[0,0]},"r":{"a":0,"k":0},"sa":{"a":0,"k":0},"o":{"a":0,"k":100}}]},{"ty":"gr","bm":0,"hd":false,"nm":"6 shape group","it":[{"ty":"sh","bm":0,"hd":false,"nm":"","d":1,"ks":{"a":0,"k":{"c":true,"i":[[-21.170000000000016,-16.25],[10.792000000000002,-14.058999999999997],[21.169999999999987,16.251000000000005],[0,0]],"o":[[21.16900000000001,16.25099999999999],[-10.792000000000002,14.057999999999993],[-21.169999999999987,-16.251000000000005],[0,0]],"v":[[152.304,123.079],[165.681,173.803],[113.22300000000001,173.989],[86.84,113.282]]}}},{"ty":"st","bm":0,"hd":false,"nm":"","lc":3,"lj":1,"ml":1,"o":{"a":0,"k":0},"w":{"a":0,"k":0},"c":{"a":0,"k":[0,0,0,0]}},{"ty":"fl","bm":0,"hd":false,"nm":"","c":{"a":0,"k":[0.8745,0.9098,0.9216]},"r":1,"o":{"a":0,"k":100}},{"ty":"tr","a":{"a":0,"k":[0,0]},"s":{"a":0,"k":[100,100]},"sk":{"a":0,"k":0},"p":{"a":0,"k":[0,0]},"r":{"a":0,"k":0},"sa":{"a":0,"k":0},"o":{"a":0,"k":100}}]}],"ind":6},{"ty":4,"nm":"7","sr":1,"st":0,"op":145,"ip":0,"hd":false,"ddd":1,"bm":0,"hasMask":false,"ao":0,"ks":{"a":{"a":0,"k":[200,200,0]},"s":{"a":0,"k":[100,100,100]},"sk":{"a":0,"k":0},"p":{"s":true,"x":{"a":0,"k":273},"y":{"a":0,"k":200},"z":{"a":0,"k":0}},"sa":{"a":0,"k":0},"o":{"a":1,"k":[{"o":{"x":0,"y":0},"i":{"x":1,"y":1},"s":[0],"t":0},{"o":{"x":0.455,"y":0.03},"i":{"x":0.515,"y":0.955},"s":[0],"t":43},{"o":{"x":0.455,"y":0.03},"i":{"x":0.515,"y":0.955},"s":[100],"t":68},{"s":[0],"t":135}]},"rx":{"a":0,"k":0},"ry":{"a":0,"k":0},"rz":{"a":0,"k":0},"or":{"a":0,"k":[0,0,0]}},"ef":[],"shapes":[{"ty":"gr","bm":0,"hd":false,"nm":"7 shape group","it":[{"ty":"sh","bm":0,"hd":false,"nm":"","d":1,"ks":{"a":0,"k":{"c":true,"i":[[-10.787000000000006,-21.376999999999995],[12.798000000000002,-6.457999999999998],[10.786000000000001,21.37700000000001],[0,0]],"o":[[10.786000000000001,21.376999999999995],[-12.799000000000007,6.457999999999998],[-10.786000000000001,-21.37700000000001],[0,0]],"v":[[179.779,116.176],[174.733,161.555],[136,141],[137,84]]}}},{"ty":"st","bm":0,"hd":false,"nm":"","lc":3,"lj":1,"ml":1,"o":{"a":0,"k":0},"w":{"a":0,"k":0},"c":{"a":0,"k":[0,0,0,0]}},{"ty":"fl","bm":0,"hd":false,"nm":"","c":{"a":0,"k":[0.9804,0.9843,0.9882]},"r":1,"o":{"a":0,"k":100}},{"ty":"tr","a":{"a":0,"k":[0,0]},"s":{"a":0,"k":[100,100]},"sk":{"a":0,"k":0},"p":{"a":0,"k":[0,0]},"r":{"a":0,"k":0},"sa":{"a":0,"k":0},"o":{"a":0,"k":100}}]},{"ty":"gr","bm":0,"hd":false,"nm":"7 shape group","it":[{"ty":"sh","bm":0,"hd":false,"nm":"","d":1,"ks":{"a":0,"k":{"c":true,"i":[[-12.023000000000025,-23.826999999999998],[15.822999999999979,-7.984000000000009],[12.021999999999991,23.826999999999998],[0,0]],"o":[[12.021999999999991,23.826000000000008],[-15.823000000000008,7.984000000000009],[-12.021999999999991,-23.826999999999998],[0,0]],"v":[[190.604,116.414],[180.64800000000002,167.919],[133.30400000000003,145.32600000000002],[135.87400000000002,79.18400000000003]]}}},{"ty":"st","bm":0,"hd":false,"nm":"","lc":3,"lj":1,"ml":1,"o":{"a":0,"k":0},"w":{"a":0,"k":0},"c":{"a":0,"k":[0,0,0,0]}},{"ty":"fl","bm":0,"hd":false,"nm":"","c":{"a":0,"k":[0.8745,0.9098,0.9216]},"r":1,"o":{"a":0,"k":100}},{"ty":"tr","a":{"a":0,"k":[0,0]},"s":{"a":0,"k":[100,100]},"sk":{"a":0,"k":0},"p":{"a":0,"k":[0,0]},"r":{"a":0,"k":0},"sa":{"a":0,"k":0},"o":{"a":0,"k":100}}]}],"ind":7},{"ty":4,"nm":"8","sr":1,"st":0,"op":145,"ip":0,"hd":false,"ddd":1,"bm":0,"hasMask":false,"ao":0,"ks":{"a":{"a":0,"k":[200,200,0]},"s":{"a":0,"k":[100,100,100]},"sk":{"a":0,"k":0},"p":{"s":true,"x":{"a":0,"k":267.5},"y":{"a":0,"k":201},"z":{"a":0,"k":0}},"sa":{"a":0,"k":0},"o":{"a":1,"k":[{"o":{"x":0,"y":0},"i":{"x":1,"y":1},"s":[0],"t":0},{"o":{"x":0.455,"y":0.03},"i":{"x":0.515,"y":0.955},"s":[0],"t":51},{"o":{"x":0.455,"y":0.03},"i":{"x":0.515,"y":0.955},"s":[100],"t":74},{"s":[0],"t":135}]},"rx":{"a":0,"k":0},"ry":{"a":0,"k":0},"rz":{"a":0,"k":0},"or":{"a":0,"k":[0,0,0]}},"ef":[],"shapes":[{"ty":"gr","bm":0,"hd":false,"nm":"8 shape group","it":[{"ty":"sh","bm":0,"hd":false,"nm":"","d":1,"ks":{"a":0,"k":{"c":true,"i":[[-0.44300000000001205,-23.940000000000012],[14.332999999999998,-0.26499999999998636],[0.44300000000001205,23.939999999999998],[0,0]],"o":[[0.44300000000001205,23.939999999999998],[-14.332000000000022,0.2650000000000148],[-0.44300000000001205,-23.939999999999998],[0,0]],"v":[[216.144,118.644],[191.90800000000002,157.339],[166,121],[193,70]]}}},{"ty":"st","bm":0,"hd":false,"nm":"","lc":3,"lj":1,"ml":1,"o":{"a":0,"k":0},"w":{"a":0,"k":0},"c":{"a":0,"k":[0,0,0,0]}},{"ty":"fl","bm":0,"hd":false,"nm":"","c":{"a":0,"k":[0.9804,0.9843,0.9882]},"r":1,"o":{"a":0,"k":100}},{"ty":"tr","a":{"a":0,"k":[0,0]},"s":{"a":0,"k":[100,100]},"sk":{"a":0,"k":0},"p":{"a":0,"k":[0,0]},"r":{"a":0,"k":0},"sa":{"a":0,"k":0},"o":{"a":0,"k":100}}]},{"ty":"gr","bm":0,"hd":false,"nm":"8 shape group","it":[{"ty":"sh","bm":0,"hd":false,"nm":"","d":1,"ks":{"a":0,"k":{"c":true,"i":[[-0.4939999999999998,-26.683000000000007],[17.72,-0.3269999999999982],[0.4939999999999998,26.682999999999993],[0,0]],"o":[[0.4939999999999998,26.682999999999993],[-17.72,0.32800000000000296],[-0.4939999999999998,-26.682999999999993],[0,0]],"v":[[225.794,123.554],[194.477,165.638],[161.624,124.74100000000001],[192.638,66.26400000000001]]}}},{"ty":"st","bm":0,"hd":false,"nm":"","lc":3,"lj":1,"ml":1,"o":{"a":0,"k":0},"w":{"a":0,"k":0},"c":{"a":0,"k":[0,0,0,0]}},{"ty":"fl","bm":0,"hd":false,"nm":"","c":{"a":0,"k":[0.8745,0.9098,0.9216]},"r":1,"o":{"a":0,"k":100}},{"ty":"tr","a":{"a":0,"k":[0,0]},"s":{"a":0,"k":[100,100]},"sk":{"a":0,"k":0},"p":{"a":0,"k":[0,0]},"r":{"a":0,"k":0},"sa":{"a":0,"k":0},"o":{"a":0,"k":100}}]}],"ind":8},{"ty":4,"nm":"9","sr":1,"st":0,"op":145,"ip":0,"hd":false,"ddd":1,"bm":0,"hasMask":false,"ao":0,"ks":{"a":{"a":0,"k":[200,200,0]},"s":{"a":0,"k":[100,100,100]},"sk":{"a":0,"k":0},"p":{"s":true,"x":{"a":0,"k":285},"y":{"a":0,"k":200},"z":{"a":0,"k":0}},"sa":{"a":0,"k":0},"o":{"a":1,"k":[{"o":{"x":0,"y":0},"i":{"x":1,"y":1},"s":[0],"t":0},{"o":{"x":0.455,"y":0.03},"i":{"x":0.515,"y":0.955},"s":[0],"t":59},{"o":{"x":0.455,"y":0.03},"i":{"x":0.515,"y":0.955},"s":[100],"t":83},{"s":[0],"t":136}]},"rx":{"a":0,"k":0},"ry":{"a":0,"k":0},"rz":{"a":0,"k":0},"or":{"a":0,"k":[0,0,0]}},"ef":[],"shapes":[{"ty":"gr","bm":0,"hd":false,"nm":"9 shape group","it":[{"ty":"sh","bm":0,"hd":false,"nm":"","d":1,"ks":{"a":0,"k":{"c":true,"i":[[9.988,-21.76100000000001],[13.028999999999996,5.980000000000018],[-9.988,21.760999999999996],[0,0]],"o":[[-9.988,21.760999999999996],[-13.028999999999996,-5.980000000000018],[9.988,-21.760999999999996],[0,0]],"v":[[226.333,134.477],[187.708,158.825],[179,116],[226,80]]}}},{"ty":"st","bm":0,"hd":false,"nm":"","lc":3,"lj":1,"ml":1,"o":{"a":0,"k":0},"w":{"a":0,"k":0},"c":{"a":0,"k":[0,0,0,0]}},{"ty":"fl","bm":0,"hd":false,"nm":"","c":{"a":0,"k":[0.9804,0.9843,0.9882]},"r":1,"o":{"a":0,"k":100}},{"ty":"tr","a":{"a":0,"k":[0,0]},"s":{"a":0,"k":[100,100]},"sk":{"a":0,"k":0},"p":{"a":0,"k":[0,0]},"r":{"a":0,"k":0},"sa":{"a":0,"k":0},"o":{"a":0,"k":100}}]},{"ty":"gr","bm":0,"hd":false,"nm":"9 shape group","it":[{"ty":"sh","bm":0,"hd":false,"nm":"","d":1,"ks":{"a":0,"k":{"c":true,"i":[[11.132000000000005,-24.254999999999995],[16.108000000000004,7.393000000000001],[-11.132000000000005,24.254999999999995],[0,0]],"o":[[-11.13300000000001,24.254999999999995],[-16.108000000000004,-7.393000000000001],[11.13300000000001,-24.254999999999995],[0,0]],"v":[[232.897,143.088],[186.421,167.417],[174.566,116.316],[227.881,77.087]]}}},{"ty":"st","bm":0,"hd":false,"nm":"","lc":3,"lj":1,"ml":1,"o":{"a":0,"k":0},"w":{"a":0,"k":0},"c":{"a":0,"k":[0,0,0,0]}},{"ty":"fl","bm":0,"hd":false,"nm":"","c":{"a":0,"k":[0.8745,0.9098,0.9216]},"r":1,"o":{"a":0,"k":100}},{"ty":"tr","a":{"a":0,"k":[0,0]},"s":{"a":0,"k":[100,100]},"sk":{"a":0,"k":0},"p":{"a":0,"k":[0,0]},"r":{"a":0,"k":0},"sa":{"a":0,"k":0},"o":{"a":0,"k":100}}]}],"ind":9},{"ty":4,"nm":"10","sr":1,"st":0,"op":145,"ip":0,"hd":false,"ddd":1,"bm":0,"hasMask":false,"ao":0,"ks":{"a":{"a":0,"k":[200,200,0]},"s":{"a":0,"k":[100,100,100]},"sk":{"a":0,"k":0},"p":{"s":true,"x":{"a":0,"k":285.5},"y":{"a":0,"k":200},"z":{"a":0,"k":0}},"sa":{"a":0,"k":0},"o":{"a":1,"k":[{"o":{"x":0,"y":0},"i":{"x":1,"y":1},"s":[0],"t":0},{"o":{"x":0.455,"y":0.03},"i":{"x":0.515,"y":0.955},"s":[0],"t":67},{"o":{"x":0.455,"y":0.03},"i":{"x":0.515,"y":0.955},"s":[100],"t":92},{"s":[0],"t":142}]},"rx":{"a":0,"k":0},"ry":{"a":0,"k":0},"rz":{"a":0,"k":0},"or":{"a":0,"k":[0,0,0]}},"ef":[],"shapes":[{"ty":"gr","bm":0,"hd":false,"nm":"10 shape group","it":[{"ty":"sh","bm":0,"hd":false,"nm":"","d":1,"ks":{"a":0,"k":{"c":true,"i":[[18.43999999999997,-15.272999999999996],[9.144000000000005,11.040999999999997],[-18.439999999999998,15.27300000000001],[0,0]],"o":[[-18.441000000000003,15.272999999999996],[-9.144000000000005,-11.039999999999992],[18.439999999999998,-15.27300000000001],[0,0]],"v":[[241.96,160.539],[196.596,165.71699999999998],[208,122.99999999999999],[265,111.99999999999999]]}}},{"ty":"st","bm":0,"hd":false,"nm":"","lc":3,"lj":1,"ml":1,"o":{"a":0,"k":0},"w":{"a":0,"k":0},"c":{"a":0,"k":[0,0,0,0]}},{"ty":"fl","bm":0,"hd":false,"nm":"","c":{"a":0,"k":[0.9804,0.9843,0.9882]},"r":1,"o":{"a":0,"k":100}},{"ty":"tr","a":{"a":0,"k":[0,0]},"s":{"a":0,"k":[100,100]},"sk":{"a":0,"k":0},"p":{"a":0,"k":[0,0]},"r":{"a":0,"k":0},"sa":{"a":0,"k":0},"o":{"a":0,"k":100}}]},{"ty":"gr","bm":0,"hd":false,"nm":"10 shape group","it":[{"ty":"sh","bm":0,"hd":false,"nm":"","d":1,"ks":{"a":0,"k":{"c":true,"i":[[20.553999999999974,-17.022999999999996],[11.305000000000007,13.650000000000006],[-20.553000000000026,17.022999999999996],[0,0]],"o":[[-20.554000000000002,17.022999999999996],[-11.305000000000007,-13.650000000000006],[20.553000000000026,-17.022999999999996],[0,0]],"v":[[244.137,171.145],[191.708,172.899],[203.199,121.715],[268.255,109.503]]}}},{"ty":"st","bm":0,"hd":false,"nm":"","lc":3,"lj":1,"ml":1,"o":{"a":0,"k":0},"w":{"a":0,"k":0},"c":{"a":0,"k":[0,0,0,0]}},{"ty":"fl","bm":0,"hd":false,"nm":"","c":{"a":0,"k":[0.8745,0.9098,0.9216]},"r":1,"o":{"a":0,"k":100}},{"ty":"tr","a":{"a":0,"k":[0,0]},"s":{"a":0,"k":[100,100]},"sk":{"a":0,"k":0},"p":{"a":0,"k":[0,0]},"r":{"a":0,"k":0},"sa":{"a":0,"k":0},"o":{"a":0,"k":100}}]}],"ind":10},{"ty":4,"nm":"11","sr":1,"st":0,"op":145,"ip":0,"hd":false,"ddd":1,"bm":0,"hasMask":false,"ao":0,"ks":{"a":{"a":0,"k":[200,200,0]},"s":{"a":0,"k":[100,100,100]},"sk":{"a":0,"k":0},"p":{"s":true,"x":{"a":0,"k":295},"y":{"a":0,"k":199},"z":{"a":0,"k":0}},"sa":{"a":0,"k":0},"o":{"a":1,"k":[{"o":{"x":0,"y":0},"i":{"x":1,"y":1},"s":[0],"t":0},{"o":{"x":0.455,"y":0.03},"i":{"x":0.515,"y":0.955},"s":[0],"t":75},{"o":{"x":0.455,"y":0.03},"i":{"x":0.515,"y":0.955},"s":[100],"t":100},{"s":[0],"t":142}]},"rx":{"a":0,"k":0},"ry":{"a":0,"k":0},"rz":{"a":0,"k":0},"or":{"a":0,"k":[0,0,0]}},"ef":[],"shapes":[{"ty":"gr","bm":0,"hd":false,"nm":"11 shape group","it":[{"ty":"sh","bm":0,"hd":false,"nm":"","d":1,"ks":{"a":0,"k":{"c":true,"i":[[23.240999999999985,-5.7590000000000146],[3.447999999999979,13.913999999999987],[-23.241000000000014,5.758999999999986],[0,0]],"o":[[-23.240999999999985,5.758999999999986],[-3.447999999999979,-13.913999999999987],[23.241000000000014,-5.758999999999986],[0,0]],"v":[[237.534,191.667],[194.416,176.65],[222,143],[278,159]]}}},{"ty":"st","bm":0,"hd":false,"nm":"","lc":3,"lj":1,"ml":1,"o":{"a":0,"k":0},"w":{"a":0,"k":0},"c":{"a":0,"k":[0,0,0,0]}},{"ty":"fl","bm":0,"hd":false,"nm":"","c":{"a":0,"k":[0.9804,0.9843,0.9882]},"r":1,"o":{"a":0,"k":100}},{"ty":"tr","a":{"a":0,"k":[0,0]},"s":{"a":0,"k":[100,100]},"sk":{"a":0,"k":0},"p":{"a":0,"k":[0,0]},"r":{"a":0,"k":0},"sa":{"a":0,"k":0},"o":{"a":0,"k":100}}]},{"ty":"gr","bm":0,"hd":false,"nm":"11 shape group","it":[{"ty":"sh","bm":0,"hd":false,"nm":"","d":1,"ks":{"a":0,"k":{"c":true,"i":[[25.903999999999996,-6.419000000000011],[4.262999999999977,17.201999999999998],[-25.903999999999996,6.418999999999983],[0,0]],"o":[[-25.903999999999996,6.419000000000011],[-4.262999999999977,-17.201999999999998],[25.903999999999996,-6.418999999999983],[0,0]],"v":[[234.894,202.168],[186.89600000000002,181.001],[219.45700000000002,139.872],[283.369,157.096]]}}},{"ty":"st","bm":0,"hd":false,"nm":"","lc":3,"lj":1,"ml":1,"o":{"a":0,"k":0},"w":{"a":0,"k":0},"c":{"a":0,"k":[0,0,0,0]}},{"ty":"fl","bm":0,"hd":false,"nm":"","c":{"a":0,"k":[0.8745,0.9098,0.9216]},"r":1,"o":{"a":0,"k":100}},{"ty":"tr","a":{"a":0,"k":[0,0]},"s":{"a":0,"k":[100,100]},"sk":{"a":0,"k":0},"p":{"a":0,"k":[0,0]},"r":{"a":0,"k":0},"sa":{"a":0,"k":0},"o":{"a":0,"k":100}}]}],"ind":11},{"ty":4,"nm":"12","sr":1,"st":0,"op":145,"ip":0,"hd":false,"ddd":1,"bm":0,"hasMask":false,"ao":0,"ks":{"a":{"a":0,"k":[200,200,0]},"s":{"a":0,"k":[100,100,100]},"sk":{"a":0,"k":0},"p":{"s":true,"x":{"a":0,"k":290},"y":{"a":0,"k":200},"z":{"a":0,"k":0}},"sa":{"a":0,"k":0},"o":{"a":1,"k":[{"o":{"x":0,"y":0},"i":{"x":1,"y":1},"s":[0],"t":0},{"o":{"x":0.455,"y":0.03},"i":{"x":0.515,"y":0.955},"s":[0],"t":83},{"o":{"x":0.455,"y":0.03},"i":{"x":0.515,"y":0.955},"s":[100],"t":106},{"s":[0],"t":142}]},"rx":{"a":0,"k":0},"ry":{"a":0,"k":0},"rz":{"a":0,"k":0},"or":{"a":0,"k":[0,0,0]}},"ef":[],"shapes":[{"ty":"gr","bm":0,"hd":false,"nm":"12 shape group","it":[{"ty":"sh","bm":0,"hd":false,"nm":"","d":1,"ks":{"a":0,"k":{"c":true,"i":[[23.438000000000017,4.894999999999982],[-2.9310000000000116,14.033000000000015],[-23.437999999999988,-4.89500000000001],[0,0]],"o":[[-23.437999999999988,-4.89500000000001],[2.930000000000007,-14.03200000000001],[23.437999999999988,4.89500000000001],[0,0]],"v":[[233.148,221.698],[200.816,189.459],[239,172],[285,210]]}}},{"ty":"st","bm":0,"hd":false,"nm":"","lc":3,"lj":1,"ml":1,"o":{"a":0,"k":0},"w":{"a":0,"k":0},"c":{"a":0,"k":[0,0,0,0]}},{"ty":"fl","bm":0,"hd":false,"nm":"","c":{"a":0,"k":[0.9804,0.9843,0.9882]},"r":1,"o":{"a":0,"k":100}},{"ty":"tr","a":{"a":0,"k":[0,0]},"s":{"a":0,"k":[100,100]},"sk":{"a":0,"k":0},"p":{"a":0,"k":[0,0]},"r":{"a":0,"k":0},"sa":{"a":0,"k":0},"o":{"a":0,"k":100}}]},{"ty":"gr","bm":0,"hd":false,"nm":"12 shape group","it":[{"ty":"sh","bm":0,"hd":false,"nm":"","d":1,"ks":{"a":0,"k":{"c":true,"i":[[26.123999999999995,5.455999999999989],[-3.6229999999999905,17.34899999999999],[-26.124000000000024,-5.456999999999994],[0,0]],"o":[[-26.123999999999995,-5.455999999999989],[3.6229999999999905,-17.34899999999999],[26.124000000000024,5.456999999999994],[0,0]],"v":[[226.213,230.013],[192.152,190.116],[239.334,167.18800000000002],[289.444,210.437]]}}},{"ty":"st","bm":0,"hd":false,"nm":"","lc":3,"lj":1,"ml":1,"o":{"a":0,"k":0},"w":{"a":0,"k":0},"c":{"a":0,"k":[0,0,0,0]}},{"ty":"fl","bm":0,"hd":false,"nm":"","c":{"a":0,"k":[0.8745,0.9098,0.9216]},"r":1,"o":{"a":0,"k":100}},{"ty":"tr","a":{"a":0,"k":[0,0]},"s":{"a":0,"k":[100,100]},"sk":{"a":0,"k":0},"p":{"a":0,"k":[0,0]},"r":{"a":0,"k":0},"sa":{"a":0,"k":0},"o":{"a":0,"k":100}}]}],"ind":12},{"ty":4,"nm":"13","sr":1,"st":0,"op":145,"ip":0,"hd":false,"ddd":1,"bm":0,"hasMask":false,"ao":0,"ks":{"a":{"a":0,"k":[200,200,0]},"s":{"a":0,"k":[100,100,100]},"sk":{"a":0,"k":0},"p":{"s":true,"x":{"a":0,"k":282},"y":{"a":0,"k":200},"z":{"a":0,"k":0}},"sa":{"a":0,"k":0},"o":{"a":1,"k":[{"o":{"x":0,"y":0},"i":{"x":1,"y":1},"s":[0],"t":0},{"o":{"x":0.455,"y":0.03},"i":{"x":0.515,"y":0.955},"s":[0],"t":90},{"o":{"x":0.455,"y":0.03},"i":{"x":0.515,"y":0.955},"s":[100],"t":113},{"s":[0],"t":142}]},"rx":{"a":0,"k":0},"ry":{"a":0,"k":0},"rz":{"a":0,"k":0},"or":{"a":0,"k":[0,0,0]}},"ef":[],"shapes":[{"ty":"gr","bm":0,"hd":false,"nm":"13 shape group","it":[{"ty":"sh","bm":0,"hd":false,"nm":"","d":1,"ks":{"a":0,"k":{"c":true,"i":[[18.992999999999995,14.580000000000013],[-8.728999999999985,11.370999999999981],[-18.992999999999995,-14.580000000000013],[0,0]],"o":[[-18.992999999999995,-14.580000000000013],[8.728999999999985,-11.372000000000014],[18.992999999999995,14.580000000000013],[0,0]],"v":[[219.662,244.682],[204.519,201.608],[248,203],[272,256]]}}},{"ty":"st","bm":0,"hd":false,"nm":"","lc":3,"lj":1,"ml":1,"o":{"a":0,"k":0},"w":{"a":0,"k":0},"c":{"a":0,"k":[0,0,0,0]}},{"ty":"fl","bm":0,"hd":false,"nm":"","c":{"a":0,"k":[0.9804,0.9843,0.9882]},"r":1,"o":{"a":0,"k":100}},{"ty":"tr","a":{"a":0,"k":[0,0]},"s":{"a":0,"k":[100,100]},"sk":{"a":0,"k":0},"p":{"a":0,"k":[0,0]},"r":{"a":0,"k":0},"sa":{"a":0,"k":0},"o":{"a":0,"k":100}}]},{"ty":"gr","bm":0,"hd":false,"nm":"13 shape group","it":[{"ty":"sh","bm":0,"hd":false,"nm":"","d":1,"ks":{"a":0,"k":{"c":true,"i":[[21.168999999999983,16.25000000000003],[-10.792000000000002,14.058999999999997],[-21.169999999999987,-16.251000000000005],[0,0]],"o":[[-21.16900000000001,-16.251000000000005],[10.792000000000002,-14.057999999999993],[21.168999999999983,16.251000000000005],[0,0]],"v":[[209.806,249.165],[196.429,198.441],[248.887,198.255],[275.269,258.962]]}}},{"ty":"st","bm":0,"hd":false,"nm":"","lc":3,"lj":1,"ml":1,"o":{"a":0,"k":0},"w":{"a":0,"k":0},"c":{"a":0,"k":[0,0,0,0]}},{"ty":"fl","bm":0,"hd":false,"nm":"","c":{"a":0,"k":[0.8745,0.9098,0.9216]},"r":1,"o":{"a":0,"k":100}},{"ty":"tr","a":{"a":0,"k":[0,0]},"s":{"a":0,"k":[100,100]},"sk":{"a":0,"k":0},"p":{"a":0,"k":[0,0]},"r":{"a":0,"k":0},"sa":{"a":0,"k":0},"o":{"a":0,"k":100}}]}],"ind":13},{"ty":4,"nm":"14","sr":1,"st":0,"op":145,"ip":0,"hd":false,"ddd":1,"bm":0,"hasMask":false,"ao":0,"ks":{"a":{"a":0,"k":[200,200,0]},"s":{"a":0,"k":[100,100,100]},"sk":{"a":0,"k":0},"p":{"s":true,"x":{"a":0,"k":286},"y":{"a":0,"k":201},"z":{"a":0,"k":0}},"sa":{"a":0,"k":0},"o":{"a":1,"k":[{"o":{"x":0,"y":0},"i":{"x":1,"y":1},"s":[0],"t":0},{"o":{"x":0.455,"y":0.03},"i":{"x":0.515,"y":0.955},"s":[0],"t":97},{"o":{"x":0.455,"y":0.03},"i":{"x":0.515,"y":0.955},"s":[100],"t":121},{"s":[0],"t":145}]},"rx":{"a":0,"k":0},"ry":{"a":0,"k":0},"rz":{"a":0,"k":0},"or":{"a":0,"k":[0,0,0]}},"ef":[],"shapes":[{"ty":"gr","bm":0,"hd":false,"nm":"14 shape group","it":[{"ty":"sh","bm":0,"hd":false,"nm":"","d":1,"ks":{"a":0,"k":{"c":true,"i":[[-0.1490000000000009,3.141999999999996],[3.5049999999999955,3.234000000000009],[-7.6229999999999905,-15.108000000000004],[-0.3170000000000073,-0.5500000000000114],[-0.28199999999998226,5.22999999999999]],"o":[[-1.3029999999999973,-5.258999999999986],[-4.824999999999989,9.853000000000009],[0.2839999999999918,0.5620000000000118],[2.6380000000000052,-6.082999999999998],[-0.75,-3.6069999999999993]],"v":[[180.799,230.297],[173.401,217.427],[176.506,255.82999999999998],[177.412,257.496],[181.685,240.444]]}}},{"ty":"st","bm":0,"hd":false,"nm":"","lc":3,"lj":1,"ml":1,"o":{"a":0,"k":0},"w":{"a":0,"k":0},"c":{"a":0,"k":[0,0,0,0]}},{"ty":"fl","bm":0,"hd":false,"nm":"","c":{"a":0,"k":[0.9804,0.9843,0.9882]},"r":1,"o":{"a":0,"k":100}},{"ty":"tr","a":{"a":0,"k":[0,0]},"s":{"a":0,"k":[100,100]},"sk":{"a":0,"k":0},"p":{"a":0,"k":[0,0]},"r":{"a":0,"k":0},"sa":{"a":0,"k":0},"o":{"a":0,"k":100}}]},{"ty":"gr","bm":0,"hd":false,"nm":"14 shape group","it":[{"ty":"sh","bm":0,"hd":false,"nm":"","d":1,"ks":{"a":0,"k":{"c":true,"i":[[3.289999999999992,-10.763000000000005],[-1.414999999999992,-2.909999999999968],[0,0],[10.786000000000001,21.37700000000001],[12.798999999999978,-6.457999999999998],[1.9679999999999893,-3.970999999999975]],"o":[[0.9629999999999939,2.7309999999999945],[10.669000000000011,21.932000000000016],[0,0],[-10.786000000000001,-21.37700000000001],[-4.0049999999999955,2.0209999999999866],[3.2309999999999945,7.5540000000000305]],"v":[[183.714,247.632],[187.331,256.068],[230,290],[232,231],[192.377,210.689],[183.35500000000002,219.78799999999998]]}}},{"ty":"st","bm":0,"hd":false,"nm":"","lc":3,"lj":1,"ml":1,"o":{"a":0,"k":0},"w":{"a":0,"k":0},"c":{"a":0,"k":[0,0,0,0]}},{"ty":"fl","bm":0,"hd":false,"nm":"","c":{"a":0,"k":[0.9804,0.9843,0.9882]},"r":1,"o":{"a":0,"k":100}},{"ty":"tr","a":{"a":0,"k":[0,0]},"s":{"a":0,"k":[100,100]},"sk":{"a":0,"k":0},"p":{"a":0,"k":[0,0]},"r":{"a":0,"k":0},"sa":{"a":0,"k":0},"o":{"a":0,"k":100}}]},{"ty":"gr","bm":0,"hd":false,"nm":"14 shape group","it":[{"ty":"sh","bm":0,"hd":false,"nm":"","d":1,"ks":{"a":0,"k":{"c":true,"i":[[12.021999999999991,23.826999999999998],[15.823000000000008,-7.984000000000009],[2.4359999999999786,-2.758999999999986],[1.1319999999999766,-2.3130000000000166],[-7.6229999999999905,-15.107999999999976],[-0.3170000000000073,-0.5500000000000114],[-0.4350000000000023,-0.6570000000000391],[0,0]],"o":[[-12.021999999999991,-23.825999999999993],[-3.4350000000000023,1.733000000000004],[-1.6699999999999875,1.891999999999996],[-4.824999999999989,9.853000000000009],[0.28299999999998704,0.5619999999999834],[0.38800000000000523,0.6739999999999782],[14.251000000000005,21.531000000000006],[0,0]],"v":[[233.806,226.918],[186.46200000000002,204.32500000000002],[177.61300000000003,211.104],[173.40100000000004,217.42700000000002],[176.50600000000003,255.83],[177.41200000000003,257.49600000000004],[178.64700000000005,259.49300000000005],[231.23600000000005,293.06000000000006]]}}},{"ty":"st","bm":0,"hd":false,"nm":"","lc":3,"lj":1,"ml":1,"o":{"a":0,"k":0},"w":{"a":0,"k":0},"c":{"a":0,"k":[0,0,0,0]}},{"ty":"fl","bm":0,"hd":false,"nm":"","c":{"a":0,"k":[0.8745,0.9098,0.9216]},"r":1,"o":{"a":0,"k":100}},{"ty":"tr","a":{"a":0,"k":[0,0]},"s":{"a":0,"k":[100,100]},"sk":{"a":0,"k":0},"p":{"a":0,"k":[0,0]},"r":{"a":0,"k":0},"sa":{"a":0,"k":0},"o":{"a":0,"k":100}}]}],"ind":14}],"v":"5.1.20","fr":60,"op":145,"ip":0,"assets":[]}